path,size,compressed,modified,CRC32,is_dir
crm2/__init__.py,149,141,2025-08-21 16:03:56,bb505db8,False
crm2/__main__.py,325,255,2025-08-21 16:03:56,fe3f1b40,False
crm2/__pycache__/__init__.cpython-312.pyc,147,114,2025-08-21 15:12:02,de54d913,False
crm2/__pycache__/handlers_schedule.cpython-312.pyc,3029,1870,2025-08-21 15:12:02,c6ab5bec,False
crm2/__pycache__/keyboards.cpython-312.pyc,2196,1149,2025-08-21 05:43:16,671c3833,False
crm2/app.py,5369,2300,2025-08-22 17:27:00,00710ae3,False
crm2/config.py,1509,831,2025-08-21 16:03:56,60acd7c4,False
crm2/data/schedule_2025_1_cohort.xlsx,10527,8077,2025-08-22 18:57:44,31a2a967,False
crm2/data/schedule_2025_2_cohort.xlsx,13386,10932,2025-08-22 18:56:20,eaa5c142,False
crm2/db/__init__.py,143,86,2025-08-21 16:03:56,a217e672,False
crm2/db/__pycache__/__init__.cpython-312.pyc,277,226,2025-08-21 15:12:04,196897f3,False
crm2/db/__pycache__/core.cpython-312.pyc,832,566,2025-08-21 15:12:04,305428de,False
crm2/db/__pycache__/sessions.cpython-312.pyc,2165,1091,2025-08-21 15:12:04,3906e26e,False
crm2/db/__pycache__/sqlite.cpython-312.pyc,2533,1416,2025-08-21 05:43:16,92abedf9,False
crm2/db/core.py,504,355,2025-08-21 16:03:56,a1b8fe59,False
crm2/db/sessions.py,6198,1608,2025-08-22 20:13:30,42167184,False
crm2/db/sqlite.py,1264,675,2025-08-22 09:01:48,1db3eb4a,False
crm2/handlers/__pycache__/auth.cpython-312.pyc,9371,4717,2025-08-21 05:43:16,6bcb001f,False
crm2/handlers/__pycache__/info.cpython-312.pyc,5713,3319,2025-08-21 05:43:16,29035b45,False
crm2/handlers/__pycache__/registration.cpython-312.pyc,13441,6155,2025-08-21 05:43:16,0d3edbb1,False
crm2/handlers/auth.py,6360,2354,2025-08-22 20:01:40,2a845b82,False
crm2/handlers/info.py,3997,1633,2025-08-21 16:03:56,c7379ee6,False
crm2/handlers/registration.py,12563,3794,2025-08-22 08:57:36,c3a51929,False
crm2/handlers_schedule.py,4996,1818,2025-08-22 19:59:40,6425b199,False
crm2/keyboards.py,2532,769,2025-08-21 16:03:56,979040b1,False
crm2/keyboards/__init__.py,222,125,2025-08-21 16:03:56,26d3e425,False
crm2/keyboards/__pycache__/__init__.cpython-312.pyc,352,275,2025-08-21 15:12:04,2035c6a6,False
crm2/keyboards/__pycache__/main_menu.cpython-312.pyc,1139,766,2025-08-21 15:12:04,c27eab2f,False
crm2/keyboards/__pycache__/schedule.cpython-312.pyc,1553,985,2025-08-21 15:12:04,843956d4,False
crm2/keyboards/main_menu.py,796,366,2025-08-22 14:22:26,fa95a017,False
crm2/keyboards/schedule.py,806,435,2025-08-21 16:03:56,a3d8152b,False
crm2/logging_config.py,455,326,2025-08-21 16:03:56,e9c523bb,False
crm2/routers/__init__.py,197,181,2025-08-21 16:03:56,7e241298,False
crm2/routers/__pycache__/__init__.cpython-312.pyc,215,181,2025-08-21 05:43:16,7f840ff6,False
crm2/routers/__pycache__/start.cpython-312.pyc,3384,1868,2025-08-21 05:43:16,76cd31d6,False
crm2/routers/start.py,2828,1027,2025-08-22 08:58:56,3cedcf9f,False
crm2/services/__pycache__/schedule.cpython-312.pyc,11106,5828,2025-08-21 05:43:16,cc182833,False
crm2/services/__pycache__/users.cpython-312.pyc,4462,2449,2025-08-21 05:43:16,c5d67420,False
crm2/services/schedule.py,9128,3294,2025-08-21 16:03:56,d8450db0,False
crm2/services/services.py,222,185,2025-08-21 16:03:56,e8a9c391,False
crm2/services/users.py,5582,1806,2025-08-22 11:33:28,8f24cfe7,False
crm2/states.py,340,265,2025-08-21 16:03:56,b37bc251,False
crm2/tools/sync_events_xlsx.py,5144,1959,2025-08-21 18:08:48,b198658f,False
crm2/,0,0,2025-08-22 19:59:40,00000000,True
crm2/__pycache__/,0,0,2025-08-21 15:12:02,00000000,True
crm2/data/,0,0,2025-08-22 20:25:32,00000000,True
crm2/db/,0,0,2025-08-22 20:13:30,00000000,True
crm2/db/__pycache__/,0,0,2025-08-21 15:12:04,00000000,True
crm2/handlers/,0,0,2025-08-22 20:01:40,00000000,True
crm2/handlers/__pycache__/,0,0,2025-08-20 13:05:24,00000000,True
crm2/keyboards/,0,0,2025-08-22 14:22:26,00000000,True
crm2/keyboards/__pycache__/,0,0,2025-08-21 15:12:04,00000000,True
crm2/routers/,0,0,2025-08-22 08:58:56,00000000,True
crm2/routers/__pycache__/,0,0,2025-08-20 13:05:24,00000000,True
crm2/services/,0,0,2025-08-22 11:33:28,00000000,True
crm2/services/__pycache__/,0,0,2025-08-20 13:05:24,00000000,True
crm2/tools/,0,0,2025-08-21 18:08:48,00000000,True
